Location,Year,Age,Sex,Cause of death or injury,Measure,Value,Lower bound,Upper bound
Cyprus,1990,All ages,Both,Liver cancer,"DALYs per 100,000",78.02930641,64.21227783,91.72898634
Cyprus,1991,All ages,Both,Liver cancer,"DALYs per 100,000",78.3097557,64.37635928,91.95566397
Cyprus,1992,All ages,Both,Liver cancer,"DALYs per 100,000",78.35948234,65.24976437,90.83731955
Cyprus,1993,All ages,Both,Liver cancer,"DALYs per 100,000",77.57401099,66.20948575,88.85047048
Cyprus,1994,All ages,Both,Liver cancer,"DALYs per 100,000",76.06266717,66.01104777,86.45957039
Cyprus,1995,All ages,Both,Liver cancer,"DALYs per 100,000",75.97895816,66.31394646,85.71400035
Cyprus,1996,All ages,Both,Liver cancer,"DALYs per 100,000",75.70646109,66.05095105,85.88399557
Cyprus,1997,All ages,Both,Liver cancer,"DALYs per 100,000",75.30068108,66.46858625,84.98048929
Cyprus,1998,All ages,Both,Liver cancer,"DALYs per 100,000",74.97180744,66.9801721,84.40595993
Cyprus,1999,All ages,Both,Liver cancer,"DALYs per 100,000",74.54700807,67.09350757,83.42175957
Cyprus,2000,All ages,Both,Liver cancer,"DALYs per 100,000",74.93403468,67.7857329,83.25568491
Cyprus,2001,All ages,Both,Liver cancer,"DALYs per 100,000",74.84782715,67.90281076,83.15484569
Cyprus,2002,All ages,Both,Liver cancer,"DALYs per 100,000",75.34377945,68.39783727,83.70620047
Cyprus,2003,All ages,Both,Liver cancer,"DALYs per 100,000",75.68154875,68.72044078,84.08068994
Cyprus,2004,All ages,Both,Liver cancer,"DALYs per 100,000",76.60826006,69.50726692,84.92697935
Cyprus,2005,All ages,Both,Liver cancer,"DALYs per 100,000",80.30116997,72.94130486,89.62311298
Cyprus,2006,All ages,Both,Liver cancer,"DALYs per 100,000",83.18800003,75.66825087,92.420421
Cyprus,2007,All ages,Both,Liver cancer,"DALYs per 100,000",86.13085549,78.27110783,96.14433629
Cyprus,2008,All ages,Both,Liver cancer,"DALYs per 100,000",87.79389873,79.78404097,97.65443884
Cyprus,2009,All ages,Both,Liver cancer,"DALYs per 100,000",89.82960211,81.9174945,99.01718133
Cyprus,2010,All ages,Both,Liver cancer,"DALYs per 100,000",91.86044122,84.01045436,100.5361134
Cyprus,2011,All ages,Both,Liver cancer,"DALYs per 100,000",92.95486503,84.32907998,101.8527581
Cyprus,2012,All ages,Both,Liver cancer,"DALYs per 100,000",94.34697905,85.13017771,103.7419759
Cyprus,2013,All ages,Both,Liver cancer,"DALYs per 100,000",95.92501778,87.08512807,105.1534141
Cyprus,2014,All ages,Both,Liver cancer,"DALYs per 100,000",96.55427041,87.56647228,106.2809704
Cyprus,2015,All ages,Both,Liver cancer,"DALYs per 100,000",97.52464048,88.1806893,108.1586208
Cyprus,2016,All ages,Both,Liver cancer,"DALYs per 100,000",98.04857374,87.81455981,109.4909612
Cyprus,2017,All ages,Both,Liver cancer,"DALYs per 100,000",98.47095098,87.28625301,111.7369722
Cyprus,2018,All ages,Both,Liver cancer,"DALYs per 100,000",99.46005434,86.95079582,113.4746664
Cyprus,2019,All ages,Both,Liver cancer,"DALYs per 100,000",100.4010271,86.62386289,115.7909416
Cyprus,1990,All ages,Male,Liver cancer,"DALYs per 100,000",104.6877127,82.92368741,129.4587347
Cyprus,1991,All ages,Male,Liver cancer,"DALYs per 100,000",105.3879885,84.17047177,129.8742499
Cyprus,1992,All ages,Male,Liver cancer,"DALYs per 100,000",105.7161415,84.51555245,128.8251533
Cyprus,1993,All ages,Male,Liver cancer,"DALYs per 100,000",104.8588513,85.73401586,125.3942861
Cyprus,1994,All ages,Male,Liver cancer,"DALYs per 100,000",103.4253449,86.39017858,122.8076636
Cyprus,1995,All ages,Male,Liver cancer,"DALYs per 100,000",104.1494553,87.47619399,122.5264104
Cyprus,1996,All ages,Male,Liver cancer,"DALYs per 100,000",104.6609542,88.44510332,122.9815137
Cyprus,1997,All ages,Male,Liver cancer,"DALYs per 100,000",104.7353881,89.21298177,121.8459496
Cyprus,1998,All ages,Male,Liver cancer,"DALYs per 100,000",104.8660807,90.26509875,121.4191285
Cyprus,1999,All ages,Male,Liver cancer,"DALYs per 100,000",104.4112641,90.62370414,119.4889234
Cyprus,2000,All ages,Male,Liver cancer,"DALYs per 100,000",105.0341446,91.54228304,119.1964614
Cyprus,2001,All ages,Male,Liver cancer,"DALYs per 100,000",104.1774724,91.58007468,118.5815274
Cyprus,2002,All ages,Male,Liver cancer,"DALYs per 100,000",103.7743183,91.47177251,118.4549584
Cyprus,2003,All ages,Male,Liver cancer,"DALYs per 100,000",103.0335988,90.88499895,117.5428118
Cyprus,2004,All ages,Male,Liver cancer,"DALYs per 100,000",103.4859417,90.78303548,117.9522301
Cyprus,2005,All ages,Male,Liver cancer,"DALYs per 100,000",108.1842439,95.45575362,123.5279849
Cyprus,2006,All ages,Male,Liver cancer,"DALYs per 100,000",110.5930221,97.93762273,126.4907353
Cyprus,2007,All ages,Male,Liver cancer,"DALYs per 100,000",114.2075649,100.6140955,133.0149508
Cyprus,2008,All ages,Male,Liver cancer,"DALYs per 100,000",115.2405082,101.9962303,132.9642998
Cyprus,2009,All ages,Male,Liver cancer,"DALYs per 100,000",118.9472421,105.0122173,135.8546483
Cyprus,2010,All ages,Male,Liver cancer,"DALYs per 100,000",121.8307281,107.7250612,136.5586355
Cyprus,2011,All ages,Male,Liver cancer,"DALYs per 100,000",122.4874062,107.3306496,138.1580314
Cyprus,2012,All ages,Male,Liver cancer,"DALYs per 100,000",124.2606977,108.1037446,140.7268556
Cyprus,2013,All ages,Male,Liver cancer,"DALYs per 100,000",126.4455262,110.3509034,143.5405506
Cyprus,2014,All ages,Male,Liver cancer,"DALYs per 100,000",127.438116,111.422807,145.8983956
Cyprus,2015,All ages,Male,Liver cancer,"DALYs per 100,000",128.8228377,111.7844701,148.7006732
Cyprus,2016,All ages,Male,Liver cancer,"DALYs per 100,000",129.496321,111.7772449,149.3944727
Cyprus,2017,All ages,Male,Liver cancer,"DALYs per 100,000",129.9177389,110.7172996,153.2316501
Cyprus,2018,All ages,Male,Liver cancer,"DALYs per 100,000",131.5810061,110.1057036,155.0945039
Cyprus,2019,All ages,Male,Liver cancer,"DALYs per 100,000",133.195484,110.8668254,158.0118318
Cyprus,1990,All ages,Female,Liver cancer,"DALYs per 100,000",51.01589862,39.21977789,63.7202114
Cyprus,1991,All ages,Female,Liver cancer,"DALYs per 100,000",50.85013152,39.14096002,63.65139321
Cyprus,1992,All ages,Female,Liver cancer,"DALYs per 100,000",50.61357148,39.7863707,63.04807239
Cyprus,1993,All ages,Female,Liver cancer,"DALYs per 100,000",49.901838,39.63146463,61.23720181
Cyprus,1994,All ages,Female,Liver cancer,"DALYs per 100,000",48.31242388,38.76937017,58.73950759
Cyprus,1995,All ages,Female,Liver cancer,"DALYs per 100,000",47.41347556,38.3653834,56.94798754
Cyprus,1996,All ages,Female,Liver cancer,"DALYs per 100,000",46.35833659,38.12073307,54.93423294
Cyprus,1997,All ages,Female,Liver cancer,"DALYs per 100,000",45.48706405,37.79220748,53.25513239
Cyprus,1998,All ages,Female,Liver cancer,"DALYs per 100,000",44.71830668,37.66289138,52.08418016
Cyprus,1999,All ages,Female,Liver cancer,"DALYs per 100,000",44.34817188,37.68008192,51.53554384
Cyprus,2000,All ages,Female,Liver cancer,"DALYs per 100,000",44.52587011,38.28452396,51.46586914
Cyprus,2001,All ages,Female,Liver cancer,"DALYs per 100,000",45.25672501,39.19963192,52.32185131
Cyprus,2002,All ages,Female,Liver cancer,"DALYs per 100,000",46.70542065,40.58934714,54.11376994
Cyprus,2003,All ages,Female,Liver cancer,"DALYs per 100,000",48.17576958,41.82137507,55.577549
Cyprus,2004,All ages,Female,Liver cancer,"DALYs per 100,000",49.62696928,43.26252159,56.97058525
Cyprus,2005,All ages,Female,Liver cancer,"DALYs per 100,000",52.36719519,45.75263079,60.32072211
Cyprus,2006,All ages,Female,Liver cancer,"DALYs per 100,000",55.79270539,48.97003588,64.38778501
Cyprus,2007,All ages,Female,Liver cancer,"DALYs per 100,000",58.12735769,51.24613246,66.81066857
Cyprus,2008,All ages,Female,Liver cancer,"DALYs per 100,000",60.4814613,53.11690884,68.91350958
Cyprus,2009,All ages,Female,Liver cancer,"DALYs per 100,000",60.92212073,53.06076414,68.66752613
Cyprus,2010,All ages,Female,Liver cancer,"DALYs per 100,000",62.17759565,53.78347448,70.25172985
Cyprus,2011,All ages,Female,Liver cancer,"DALYs per 100,000",63.76791431,54.89641954,72.91706518
Cyprus,2012,All ages,Female,Liver cancer,"DALYs per 100,000",64.83715099,55.40476067,74.54385451
Cyprus,2013,All ages,Female,Liver cancer,"DALYs per 100,000",65.86650897,56.18498004,75.72902059
Cyprus,2014,All ages,Female,Liver cancer,"DALYs per 100,000",66.18381682,56.62983817,76.51712675
Cyprus,2015,All ages,Female,Liver cancer,"DALYs per 100,000",66.79000264,56.816443,77.87133852
Cyprus,2016,All ages,Female,Liver cancer,"DALYs per 100,000",67.20839671,56.80233185,79.2278175
Cyprus,2017,All ages,Female,Liver cancer,"DALYs per 100,000",67.66724732,56.93170443,80.26573519
Cyprus,2018,All ages,Female,Liver cancer,"DALYs per 100,000",68.03047901,56.63448183,81.41904894
Cyprus,2019,All ages,Female,Liver cancer,"DALYs per 100,000",68.3522389,56.16544045,82.86246421
Cyprus,1990,<5 years,Both,Liver cancer,"DALYs per 100,000",8.627751683,5.245019415,13.44077702
Cyprus,1991,<5 years,Both,Liver cancer,"DALYs per 100,000",8.596687793,5.377442467,13.17055808
Cyprus,1992,<5 years,Both,Liver cancer,"DALYs per 100,000",8.470657549,5.483871906,12.94045753
Cyprus,1993,<5 years,Both,Liver cancer,"DALYs per 100,000",8.35260671,5.529589761,12.49062548
Cyprus,1994,<5 years,Both,Liver cancer,"DALYs per 100,000",8.151537226,5.426760841,12.12986832
Cyprus,1995,<5 years,Both,Liver cancer,"DALYs per 100,000",7.950669396,5.330738456,11.73286447
Cyprus,1996,<5 years,Both,Liver cancer,"DALYs per 100,000",7.814867722,5.416259736,11.3452195
Cyprus,1997,<5 years,Both,Liver cancer,"DALYs per 100,000",7.66253571,5.355859595,11.1873815
Cyprus,1998,<5 years,Both,Liver cancer,"DALYs per 100,000",7.526354891,5.320338047,10.56702227
Cyprus,1999,<5 years,Both,Liver cancer,"DALYs per 100,000",7.237517216,5.247904429,10.03952256
Cyprus,2000,<5 years,Both,Liver cancer,"DALYs per 100,000",6.816988178,4.874664483,9.259394611
Cyprus,2001,<5 years,Both,Liver cancer,"DALYs per 100,000",6.350385243,4.564585951,8.419750558
Cyprus,2002,<5 years,Both,Liver cancer,"DALYs per 100,000",6.03580652,4.289555536,8.030544222
Cyprus,2003,<5 years,Both,Liver cancer,"DALYs per 100,000",5.705526578,4.059723895,7.596044415
Cyprus,2004,<5 years,Both,Liver cancer,"DALYs per 100,000",5.419503943,3.870973439,7.30463597
Cyprus,2005,<5 years,Both,Liver cancer,"DALYs per 100,000",5.259959919,3.680360448,7.115180044
Cyprus,2006,<5 years,Both,Liver cancer,"DALYs per 100,000",5.090072555,3.649437333,6.832406936
Cyprus,2007,<5 years,Both,Liver cancer,"DALYs per 100,000",4.938928836,3.571327455,6.628173451
Cyprus,2008,<5 years,Both,Liver cancer,"DALYs per 100,000",4.870791759,3.561490047,6.603777455
Cyprus,2009,<5 years,Both,Liver cancer,"DALYs per 100,000",4.884740018,3.508519097,6.613589798
Cyprus,2010,<5 years,Both,Liver cancer,"DALYs per 100,000",4.807757238,3.481216471,6.371258445
Cyprus,2011,<5 years,Both,Liver cancer,"DALYs per 100,000",4.754143968,3.410713782,6.439979503
Cyprus,2012,<5 years,Both,Liver cancer,"DALYs per 100,000",4.736989648,3.399122494,6.431114899
Cyprus,2013,<5 years,Both,Liver cancer,"DALYs per 100,000",4.511448134,3.188474371,6.082623656
Cyprus,2014,<5 years,Both,Liver cancer,"DALYs per 100,000",4.533293421,3.213771571,6.277290489
Cyprus,2015,<5 years,Both,Liver cancer,"DALYs per 100,000",4.626359096,3.238612157,6.371881635
Cyprus,2016,<5 years,Both,Liver cancer,"DALYs per 100,000",4.652963534,3.219149344,6.540316018
Cyprus,2017,<5 years,Both,Liver cancer,"DALYs per 100,000",4.51141831,3.000520862,6.401251216
Cyprus,2018,<5 years,Both,Liver cancer,"DALYs per 100,000",4.387094982,2.864611544,6.452891337
Cyprus,2019,<5 years,Both,Liver cancer,"DALYs per 100,000",4.263568989,2.691365285,6.390393119
Cyprus,1990,<5 years,Male,Liver cancer,"DALYs per 100,000",8.343142462,4.520160398,14.08397884
Cyprus,1991,<5 years,Male,Liver cancer,"DALYs per 100,000",8.344900266,4.677153845,14.1317531
Cyprus,1992,<5 years,Male,Liver cancer,"DALYs per 100,000",8.264056519,4.753485395,13.61716308
Cyprus,1993,<5 years,Male,Liver cancer,"DALYs per 100,000",8.183788245,4.904605556,13.50078224
Cyprus,1994,<5 years,Male,Liver cancer,"DALYs per 100,000",8.054457066,4.902300037,13.02954029
Cyprus,1995,<5 years,Male,Liver cancer,"DALYs per 100,000",7.932861276,4.977951487,12.52616229
Cyprus,1996,<5 years,Male,Liver cancer,"DALYs per 100,000",7.833479465,5.030947942,12.02971715
Cyprus,1997,<5 years,Male,Liver cancer,"DALYs per 100,000",7.745938919,5.061650118,11.58115265
Cyprus,1998,<5 years,Male,Liver cancer,"DALYs per 100,000",7.63696399,5.103357697,11.42438326
Cyprus,1999,<5 years,Male,Liver cancer,"DALYs per 100,000",7.321095285,4.99967147,10.79502485
Cyprus,2000,<5 years,Male,Liver cancer,"DALYs per 100,000",6.834948834,4.728276616,9.888498088
Cyprus,2001,<5 years,Male,Liver cancer,"DALYs per 100,000",6.28516109,4.371442119,8.956982347
Cyprus,2002,<5 years,Male,Liver cancer,"DALYs per 100,000",5.878383288,4.119562343,8.300206459
Cyprus,2003,<5 years,Male,Liver cancer,"DALYs per 100,000",5.48165179,3.693301186,7.757513901
Cyprus,2004,<5 years,Male,Liver cancer,"DALYs per 100,000",5.143269897,3.409216369,7.29789936
Cyprus,2005,<5 years,Male,Liver cancer,"DALYs per 100,000",4.896242569,3.223113828,6.990168344
Cyprus,2006,<5 years,Male,Liver cancer,"DALYs per 100,000",4.677475707,3.163399667,6.563860818
Cyprus,2007,<5 years,Male,Liver cancer,"DALYs per 100,000",4.4748804,3.04842688,6.259861296
Cyprus,2008,<5 years,Male,Liver cancer,"DALYs per 100,000",4.362207707,2.960636646,6.250644079
Cyprus,2009,<5 years,Male,Liver cancer,"DALYs per 100,000",4.339339983,2.906121602,6.206790406
Cyprus,2010,<5 years,Male,Liver cancer,"DALYs per 100,000",4.291866379,2.852834373,6.033474671
Cyprus,2011,<5 years,Male,Liver cancer,"DALYs per 100,000",4.305563027,2.884958453,6.079064975
Cyprus,2012,<5 years,Male,Liver cancer,"DALYs per 100,000",4.324161388,2.826495429,6.214642411
Cyprus,2013,<5 years,Male,Liver cancer,"DALYs per 100,000",4.209219446,2.725339773,6.143388156
Cyprus,2014,<5 years,Male,Liver cancer,"DALYs per 100,000",4.237371714,2.722643707,6.276331914
Cyprus,2015,<5 years,Male,Liver cancer,"DALYs per 100,000",4.312537444,2.748681181,6.481327846
Cyprus,2016,<5 years,Male,Liver cancer,"DALYs per 100,000",4.309656144,2.69107709,6.443997367
Cyprus,2017,<5 years,Male,Liver cancer,"DALYs per 100,000",4.212970984,2.44690366,6.408731283
Cyprus,2018,<5 years,Male,Liver cancer,"DALYs per 100,000",4.121253844,2.393532434,6.425275779
Cyprus,2019,<5 years,Male,Liver cancer,"DALYs per 100,000",4.039200015,2.226954098,6.485687638
Cyprus,1990,<5 years,Female,Liver cancer,"DALYs per 100,000",8.92950524,5.155258126,14.3433497
Cyprus,1991,<5 years,Female,Liver cancer,"DALYs per 100,000",8.863252403,5.237025871,14.18868574
Cyprus,1992,<5 years,Female,Liver cancer,"DALYs per 100,000",8.689024515,5.413790937,13.55902941
Cyprus,1993,<5 years,Female,Liver cancer,"DALYs per 100,000",8.530694745,5.267946967,12.98996665
Cyprus,1994,<5 years,Female,Liver cancer,"DALYs per 100,000",8.253714561,5.160483676,12.67756878
Cyprus,1995,<5 years,Female,Liver cancer,"DALYs per 100,000",7.969364763,5.031075254,12.32039188
Cyprus,1996,<5 years,Female,Liver cancer,"DALYs per 100,000",7.795385641,4.997908366,11.73238016
Cyprus,1997,<5 years,Female,Liver cancer,"DALYs per 100,000",7.575538635,4.931797207,11.60308272
Cyprus,1998,<5 years,Female,Liver cancer,"DALYs per 100,000",7.411439578,4.90996307,10.95765647
Cyprus,1999,<5 years,Female,Liver cancer,"DALYs per 100,000",7.151046387,4.836084432,10.41482094
Cyprus,2000,<5 years,Female,Liver cancer,"DALYs per 100,000",6.798471552,4.516417212,9.825972774
Cyprus,2001,<5 years,Female,Liver cancer,"DALYs per 100,000",6.417499123,4.224381725,9.170949202
Cyprus,2002,<5 years,Female,Liver cancer,"DALYs per 100,000",6.197926634,4.02148494,8.997038777
Cyprus,2003,<5 years,Female,Liver cancer,"DALYs per 100,000",5.936699995,3.802573949,8.52761235
Cyprus,2004,<5 years,Female,Liver cancer,"DALYs per 100,000",5.705781137,3.69367955,8.452084887
Cyprus,2005,<5 years,Female,Liver cancer,"DALYs per 100,000",5.638356981,3.631305203,8.35563825
Cyprus,2006,<5 years,Female,Liver cancer,"DALYs per 100,000",5.520964292,3.571705648,8.151708641
Cyprus,2007,<5 years,Female,Liver cancer,"DALYs per 100,000",5.425356402,3.580086758,8.151770833
Cyprus,2008,<5 years,Female,Liver cancer,"DALYs per 100,000",5.40572169,3.530332398,8.106617265
Cyprus,2009,<5 years,Female,Liver cancer,"DALYs per 100,000",5.460129457,3.527780056,8.222175553
Cyprus,2010,<5 years,Female,Liver cancer,"DALYs per 100,000",5.353371908,3.476989957,8.004977011
Cyprus,2011,<5 years,Female,Liver cancer,"DALYs per 100,000",5.229410357,3.33194242,7.903795723
Cyprus,2012,<5 years,Female,Liver cancer,"DALYs per 100,000",5.174835059,3.321764022,8.006795078
Cyprus,2013,<5 years,Female,Liver cancer,"DALYs per 100,000",4.832292028,3.09019957,7.519316963
Cyprus,2014,<5 years,Female,Liver cancer,"DALYs per 100,000",4.847856521,3.122812835,7.461405649
Cyprus,2015,<5 years,Female,Liver cancer,"DALYs per 100,000",4.960576131,3.104482954,7.77310217
Cyprus,2016,<5 years,Female,Liver cancer,"DALYs per 100,000",5.019291606,3.14203582,7.884806089
Cyprus,2017,<5 years,Female,Liver cancer,"DALYs per 100,000",4.830373873,2.955563406,7.835283926
Cyprus,2018,<5 years,Female,Liver cancer,"DALYs per 100,000",4.671535526,2.895834649,7.583788549
Cyprus,2019,<5 years,Female,Liver cancer,"DALYs per 100,000",4.503798166,2.67840436,7.435699766
Cyprus,1990,5-14 years,Both,Liver cancer,"DALYs per 100,000",4.904439372,3.563954391,6.790670888
Cyprus,1991,5-14 years,Both,Liver cancer,"DALYs per 100,000",4.628038177,3.252733896,6.264565189
Cyprus,1992,5-14 years,Both,Liver cancer,"DALYs per 100,000",4.452144465,3.104147308,6.054111607
Cyprus,1993,5-14 years,Both,Liver cancer,"DALYs per 100,000",4.435952841,3.106468641,5.986454824
Cyprus,1994,5-14 years,Both,Liver cancer,"DALYs per 100,000",4.446463456,3.145004956,5.956814144
Cyprus,1995,5-14 years,Both,Liver cancer,"DALYs per 100,000",4.306687431,2.998120314,5.756178513
Cyprus,1996,5-14 years,Both,Liver cancer,"DALYs per 100,000",4.205173986,2.956556222,5.616492835
Cyprus,1997,5-14 years,Both,Liver cancer,"DALYs per 100,000",3.909195859,2.785800594,5.26865616
Cyprus,1998,5-14 years,Both,Liver cancer,"DALYs per 100,000",3.929910265,2.86200982,5.308021797
Cyprus,1999,5-14 years,Both,Liver cancer,"DALYs per 100,000",4.079472092,3.079676437,5.492923646
Cyprus,2000,5-14 years,Both,Liver cancer,"DALYs per 100,000",4.657607625,3.529949356,6.073916545
Cyprus,2001,5-14 years,Both,Liver cancer,"DALYs per 100,000",5.032927272,3.754066888,6.754136578
Cyprus,2002,5-14 years,Both,Liver cancer,"DALYs per 100,000",5.261441321,3.977056127,6.877751927
Cyprus,2003,5-14 years,Both,Liver cancer,"DALYs per 100,000",5.124783578,3.992928771,6.499352333
Cyprus,2004,5-14 years,Both,Liver cancer,"DALYs per 100,000",5.187140924,4.025248234,6.493349128
Cyprus,2005,5-14 years,Both,Liver cancer,"DALYs per 100,000",4.965246296,3.975600035,5.96253776
Cyprus,2006,5-14 years,Both,Liver cancer,"DALYs per 100,000",4.522561883,3.663175122,5.41693412
Cyprus,2007,5-14 years,Both,Liver cancer,"DALYs per 100,000",4.449763712,3.629562698,5.362432758
Cyprus,2008,5-14 years,Both,Liver cancer,"DALYs per 100,000",4.410923854,3.624632623,5.304290319
Cyprus,2009,5-14 years,Both,Liver cancer,"DALYs per 100,000",3.966856577,3.28784714,4.757102742
Cyprus,2010,5-14 years,Both,Liver cancer,"DALYs per 100,000",3.770894777,2.926550767,4.662286705
Cyprus,2011,5-14 years,Both,Liver cancer,"DALYs per 100,000",3.904036149,3.013782476,4.846054363
Cyprus,2012,5-14 years,Both,Liver cancer,"DALYs per 100,000",4.040854568,3.155534251,5.003909339
Cyprus,2013,5-14 years,Both,Liver cancer,"DALYs per 100,000",4.000697966,3.1703526,4.911229894
Cyprus,2014,5-14 years,Both,Liver cancer,"DALYs per 100,000",4.071294563,3.207915771,4.977888844
Cyprus,2015,5-14 years,Both,Liver cancer,"DALYs per 100,000",4.278597693,3.419412164,5.288212926
Cyprus,2016,5-14 years,Both,Liver cancer,"DALYs per 100,000",4.68118893,3.751870134,5.783713926
Cyprus,2017,5-14 years,Both,Liver cancer,"DALYs per 100,000",5.033419184,3.99232188,6.277216755
Cyprus,2018,5-14 years,Both,Liver cancer,"DALYs per 100,000",4.801814173,3.741888964,6.102229071
Cyprus,2019,5-14 years,Both,Liver cancer,"DALYs per 100,000",4.643933697,3.571593587,5.905401926
Cyprus,1990,5-14 years,Male,Liver cancer,"DALYs per 100,000",5.55572029,3.62022764,8.010263094
Cyprus,1991,5-14 years,Male,Liver cancer,"DALYs per 100,000",5.226040304,3.219809962,7.638835896
Cyprus,1992,5-14 years,Male,Liver cancer,"DALYs per 100,000",5.115074006,3.073633993,7.659806571
Cyprus,1993,5-14 years,Male,Liver cancer,"DALYs per 100,000",5.143456695,3.179977971,7.529614677
Cyprus,1994,5-14 years,Male,Liver cancer,"DALYs per 100,000",5.008850326,3.143990326,7.259715555
Cyprus,1995,5-14 years,Male,Liver cancer,"DALYs per 100,000",4.935140002,3.053223911,7.034040495
Cyprus,1996,5-14 years,Male,Liver cancer,"DALYs per 100,000",5.04826253,3.256244709,7.129871147
Cyprus,1997,5-14 years,Male,Liver cancer,"DALYs per 100,000",5.016708842,3.298616825,7.051887086
Cyprus,1998,5-14 years,Male,Liver cancer,"DALYs per 100,000",5.123991174,3.546737502,7.078706735
Cyprus,1999,5-14 years,Male,Liver cancer,"DALYs per 100,000",5.392362636,3.862640528,7.280652737
Cyprus,2000,5-14 years,Male,Liver cancer,"DALYs per 100,000",5.654224279,3.984166565,7.909416667
Cyprus,2001,5-14 years,Male,Liver cancer,"DALYs per 100,000",5.924548877,4.062023841,8.836114938
Cyprus,2002,5-14 years,Male,Liver cancer,"DALYs per 100,000",5.940960624,4.044540419,8.797880606
Cyprus,2003,5-14 years,Male,Liver cancer,"DALYs per 100,000",5.495049991,3.880404858,7.666497987
Cyprus,2004,5-14 years,Male,Liver cancer,"DALYs per 100,000",5.35834964,3.746341329,7.676516328
Cyprus,2005,5-14 years,Male,Liver cancer,"DALYs per 100,000",4.794293274,3.480392607,6.325212983
Cyprus,2006,5-14 years,Male,Liver cancer,"DALYs per 100,000",4.206860437,3.103985193,5.443856733
Cyprus,2007,5-14 years,Male,Liver cancer,"DALYs per 100,000",4.113137564,3.095693613,5.31449719
Cyprus,2008,5-14 years,Male,Liver cancer,"DALYs per 100,000",3.995223461,3.011128281,5.111373171
Cyprus,2009,5-14 years,Male,Liver cancer,"DALYs per 100,000",3.551202449,2.68000489,4.595933379
Cyprus,2010,5-14 years,Male,Liver cancer,"DALYs per 100,000",3.181071159,2.05950633,4.457020104
Cyprus,2011,5-14 years,Male,Liver cancer,"DALYs per 100,000",3.17779583,1.995961596,4.524353001
Cyprus,2012,5-14 years,Male,Liver cancer,"DALYs per 100,000",3.19817485,2.045597002,4.577398109
Cyprus,2013,5-14 years,Male,Liver cancer,"DALYs per 100,000",3.172481981,2.212065111,4.361223863
Cyprus,2014,5-14 years,Male,Liver cancer,"DALYs per 100,000",3.302604831,2.370831566,4.490214133
Cyprus,2015,5-14 years,Male,Liver cancer,"DALYs per 100,000",3.453444837,2.50885548,4.649850226
Cyprus,2016,5-14 years,Male,Liver cancer,"DALYs per 100,000",3.880490332,2.866841154,5.234877115
Cyprus,2017,5-14 years,Male,Liver cancer,"DALYs per 100,000",4.484423788,3.266714679,6.027893667
Cyprus,2018,5-14 years,Male,Liver cancer,"DALYs per 100,000",4.42627335,3.189611812,6.010040648
Cyprus,2019,5-14 years,Male,Liver cancer,"DALYs per 100,000",4.292822317,3.065247858,5.872210645
Cyprus,1990,5-14 years,Female,Liver cancer,"DALYs per 100,000",4.202256854,2.897862867,6.301990609
Cyprus,1991,5-14 years,Female,Liver cancer,"DALYs per 100,000",3.982117616,2.704339865,6.097945591
Cyprus,1992,5-14 years,Female,Liver cancer,"DALYs per 100,000",3.734943676,2.508428382,5.790392444
Cyprus,1993,5-14 years,Female,Liver cancer,"DALYs per 100,000",3.66946491,2.484783169,5.534282345
Cyprus,1994,5-14 years,Female,Liver cancer,"DALYs per 100,000",3.836505653,2.627348362,5.714140427
Cyprus,1995,5-14 years,Female,Liver cancer,"DALYs per 100,000",3.624543031,2.435658504,5.462689493
Cyprus,1996,5-14 years,Female,Liver cancer,"DALYs per 100,000",3.289579623,2.231437419,5.103320076
Cyprus,1997,5-14 years,Female,Liver cancer,"DALYs per 100,000",2.705886376,1.797400806,4.584890363
Cyprus,1998,5-14 years,Female,Liver cancer,"DALYs per 100,000",2.63212385,1.744233052,4.487966484
Cyprus,1999,5-14 years,Female,Liver cancer,"DALYs per 100,000",2.652739091,1.760453477,4.385296597
Cyprus,2000,5-14 years,Female,Liver cancer,"DALYs per 100,000",3.575544505,2.471069122,5.088640128
Cyprus,2001,5-14 years,Female,Liver cancer,"DALYs per 100,000",4.066703544,2.758901103,5.464113583
Cyprus,2002,5-14 years,Female,Liver cancer,"DALYs per 100,000",4.527406809,3.060862151,6.0407684
Cyprus,2003,5-14 years,Female,Liver cancer,"DALYs per 100,000",4.726421223,3.214097805,6.167960315
Cyprus,2004,5-14 years,Female,Liver cancer,"DALYs per 100,000",5.003768692,3.50804347,6.52470013
Cyprus,2005,5-14 years,Female,Liver cancer,"DALYs per 100,000",5.14752992,3.605852004,6.766961343
Cyprus,2006,5-14 years,Female,Liver cancer,"DALYs per 100,000",4.857839982,3.436615741,6.203168244
Cyprus,2007,5-14 years,Female,Liver cancer,"DALYs per 100,000",4.806102338,3.429965621,6.13514332
Cyprus,2008,5-14 years,Female,Liver cancer,"DALYs per 100,000",4.849947078,3.482964123,6.22112395
Cyprus,2009,5-14 years,Female,Liver cancer,"DALYs per 100,000",4.405264505,3.223726009,5.666157562
Cyprus,2010,5-14 years,Female,Liver cancer,"DALYs per 100,000",4.392943955,3.193283036,5.640630428
Cyprus,2011,5-14 years,Female,Liver cancer,"DALYs per 100,000",4.670915432,3.43264638,5.950116836
Cyprus,2012,5-14 years,Female,Liver cancer,"DALYs per 100,000",4.933036374,3.634613673,6.379436951
Cyprus,2013,5-14 years,Female,Liver cancer,"DALYs per 100,000",4.880438535,3.559244193,6.308382428
Cyprus,2014,5-14 years,Female,Liver cancer,"DALYs per 100,000",4.890512646,3.532093142,6.408672727
Cyprus,2015,5-14 years,Female,Liver cancer,"DALYs per 100,000",5.16056583,3.710002237,6.732523465
Cyprus,2016,5-14 years,Female,Liver cancer,"DALYs per 100,000",5.539090636,4.012477802,7.394389331
Cyprus,2017,5-14 years,Female,Liver cancer,"DALYs per 100,000",5.622842956,4.100032956,7.5656298
Cyprus,2018,5-14 years,Female,Liver cancer,"DALYs per 100,000",5.205721876,3.737291298,7.081653309
Cyprus,2019,5-14 years,Female,Liver cancer,"DALYs per 100,000",5.022176105,3.540935167,6.759510118
Cyprus,1990,15-49 years,Both,Liver cancer,"DALYs per 100,000",21.1171058,15.31156027,28.83023361
Cyprus,1991,15-49 years,Both,Liver cancer,"DALYs per 100,000",21.44665032,15.60761238,29.40882994
Cyprus,1992,15-49 years,Both,Liver cancer,"DALYs per 100,000",21.9219104,16.39054003,29.89641335
Cyprus,1993,15-49 years,Both,Liver cancer,"DALYs per 100,000",22.21143259,17.0087808,29.48706251
Cyprus,1994,15-49 years,Both,Liver cancer,"DALYs per 100,000",22.31552566,17.26239635,29.21574805
Cyprus,1995,15-49 years,Both,Liver cancer,"DALYs per 100,000",22.42428362,17.39570947,29.01034117
Cyprus,1996,15-49 years,Both,Liver cancer,"DALYs per 100,000",22.42209541,17.59634266,29.20753703
Cyprus,1997,15-49 years,Both,Liver cancer,"DALYs per 100,000",22.20984992,17.50626471,28.56770343
Cyprus,1998,15-49 years,Both,Liver cancer,"DALYs per 100,000",22.09028909,17.47799406,28.10599365
Cyprus,1999,15-49 years,Both,Liver cancer,"DALYs per 100,000",21.78161118,17.36846153,27.58162812
Cyprus,2000,15-49 years,Both,Liver cancer,"DALYs per 100,000",21.31044893,17.14483412,26.83355684
Cyprus,2001,15-49 years,Both,Liver cancer,"DALYs per 100,000",20.57141551,16.73362654,26.00834527
Cyprus,2002,15-49 years,Both,Liver cancer,"DALYs per 100,000",19.80368625,16.29878096,24.69306233
Cyprus,2003,15-49 years,Both,Liver cancer,"DALYs per 100,000",19.64575291,16.1749979,24.27161598
Cyprus,2004,15-49 years,Both,Liver cancer,"DALYs per 100,000",19.22496954,15.81571592,23.94773437
Cyprus,2005,15-49 years,Both,Liver cancer,"DALYs per 100,000",18.68178896,15.62066527,22.8347292
Cyprus,2006,15-49 years,Both,Liver cancer,"DALYs per 100,000",18.06278367,15.3024803,21.67732987
Cyprus,2007,15-49 years,Both,Liver cancer,"DALYs per 100,000",18.05754785,15.35522691,21.5363911
Cyprus,2008,15-49 years,Both,Liver cancer,"DALYs per 100,000",18.34734578,15.56969443,21.88954596
Cyprus,2009,15-49 years,Both,Liver cancer,"DALYs per 100,000",18.60389444,15.67443093,22.10044807
Cyprus,2010,15-49 years,Both,Liver cancer,"DALYs per 100,000",18.66626021,15.52145763,22.26519195
Cyprus,2011,15-49 years,Both,Liver cancer,"DALYs per 100,000",18.26971003,15.26031436,21.80538448
Cyprus,2012,15-49 years,Both,Liver cancer,"DALYs per 100,000",17.99954581,14.9380452,21.54527428
Cyprus,2013,15-49 years,Both,Liver cancer,"DALYs per 100,000",17.98596582,14.91312029,21.86922834
Cyprus,2014,15-49 years,Both,Liver cancer,"DALYs per 100,000",17.74549809,14.65204531,21.39953342
Cyprus,2015,15-49 years,Both,Liver cancer,"DALYs per 100,000",17.66402224,14.5176904,21.44134797
Cyprus,2016,15-49 years,Both,Liver cancer,"DALYs per 100,000",17.62284193,14.30085449,21.72756792
Cyprus,2017,15-49 years,Both,Liver cancer,"DALYs per 100,000",17.56609182,14.17214991,21.88289357
Cyprus,2018,15-49 years,Both,Liver cancer,"DALYs per 100,000",17.99178584,14.30912777,22.70194589
Cyprus,2019,15-49 years,Both,Liver cancer,"DALYs per 100,000",18.2367006,14.29060858,23.41936548
Cyprus,1990,15-49 years,Male,Liver cancer,"DALYs per 100,000",29.30103098,19.0844824,43.33644256
Cyprus,1991,15-49 years,Male,Liver cancer,"DALYs per 100,000",29.83197979,19.65652204,44.4952547
Cyprus,1992,15-49 years,Male,Liver cancer,"DALYs per 100,000",30.70641406,20.79997743,45.42720896
Cyprus,1993,15-49 years,Male,Liver cancer,"DALYs per 100,000",31.42772414,22.10741013,45.22594617
Cyprus,1994,15-49 years,Male,Liver cancer,"DALYs per 100,000",31.95176534,22.6809268,44.48198946
Cyprus,1995,15-49 years,Male,Liver cancer,"DALYs per 100,000",32.23266315,23.26455827,44.7656715
Cyprus,1996,15-49 years,Male,Liver cancer,"DALYs per 100,000",32.34852998,23.41620517,44.62080491
Cyprus,1997,15-49 years,Male,Liver cancer,"DALYs per 100,000",32.07320414,23.82316437,43.81909281
Cyprus,1998,15-49 years,Male,Liver cancer,"DALYs per 100,000",32.17668211,23.94425946,43.40117377
Cyprus,1999,15-49 years,Male,Liver cancer,"DALYs per 100,000",31.83749035,23.9539886,42.19517656
Cyprus,2000,15-49 years,Male,Liver cancer,"DALYs per 100,000",31.22325288,23.4850324,41.47854754
Cyprus,2001,15-49 years,Male,Liver cancer,"DALYs per 100,000",29.93595901,22.87328082,40.23431202
Cyprus,2002,15-49 years,Male,Liver cancer,"DALYs per 100,000",28.69062373,22.16619727,37.97263825
Cyprus,2003,15-49 years,Male,Liver cancer,"DALYs per 100,000",28.10595018,21.55778332,37.17328515
Cyprus,2004,15-49 years,Male,Liver cancer,"DALYs per 100,000",26.87271281,20.63941233,36.03366656
Cyprus,2005,15-49 years,Male,Liver cancer,"DALYs per 100,000",25.17932091,19.56298312,32.82736287
Cyprus,2006,15-49 years,Male,Liver cancer,"DALYs per 100,000",23.40693019,18.22769861,30.27249018
Cyprus,2007,15-49 years,Male,Liver cancer,"DALYs per 100,000",22.97863247,18.02337148,29.67711204
Cyprus,2008,15-49 years,Male,Liver cancer,"DALYs per 100,000",22.97800977,18.08547327,29.69596568
Cyprus,2009,15-49 years,Male,Liver cancer,"DALYs per 100,000",22.78676779,17.74844478,29.60552609
Cyprus,2010,15-49 years,Male,Liver cancer,"DALYs per 100,000",22.87040443,17.61842033,30.02600272
Cyprus,2011,15-49 years,Male,Liver cancer,"DALYs per 100,000",22.40447632,17.20481122,28.87520905
Cyprus,2012,15-49 years,Male,Liver cancer,"DALYs per 100,000",22.17390516,16.98341818,28.83293068
Cyprus,2013,15-49 years,Male,Liver cancer,"DALYs per 100,000",22.28656745,17.0176489,29.30553471
Cyprus,2014,15-49 years,Male,Liver cancer,"DALYs per 100,000",21.99663009,16.6998385,28.11632083
Cyprus,2015,15-49 years,Male,Liver cancer,"DALYs per 100,000",22.00969909,16.72461188,28.68893342
Cyprus,2016,15-49 years,Male,Liver cancer,"DALYs per 100,000",22.21993126,16.41419358,29.72227854
Cyprus,2017,15-49 years,Male,Liver cancer,"DALYs per 100,000",22.13698502,16.18938184,29.8848825
Cyprus,2018,15-49 years,Male,Liver cancer,"DALYs per 100,000",22.57123488,16.34997171,30.91620542
Cyprus,2019,15-49 years,Male,Liver cancer,"DALYs per 100,000",22.93085936,16.64796387,32.19712976
Cyprus,1990,15-49 years,Female,Liver cancer,"DALYs per 100,000",12.57008957,8.992512702,17.34188147
Cyprus,1991,15-49 years,Female,Liver cancer,"DALYs per 100,000",12.67534224,8.976724748,17.70334791
Cyprus,1992,15-49 years,Female,Liver cancer,"DALYs per 100,000",12.723411,9.02060518,17.47767591
Cyprus,1993,15-49 years,Female,Liver cancer,"DALYs per 100,000",12.5581609,9.072410105,16.80118655
Cyprus,1994,15-49 years,Female,Liver cancer,"DALYs per 100,000",12.22566815,8.962806839,16.49594814
Cyprus,1995,15-49 years,Female,Liver cancer,"DALYs per 100,000",12.16165287,9.036764631,16.42177852
Cyprus,1996,15-49 years,Female,Liver cancer,"DALYs per 100,000",12.04710492,9.155387016,15.90603326
Cyprus,1997,15-49 years,Female,Liver cancer,"DALYs per 100,000",11.91500258,9.12461095,15.6358084
Cyprus,1998,15-49 years,Female,Liver cancer,"DALYs per 100,000",11.57435415,8.97880785,15.06222298
Cyprus,1999,15-49 years,Female,Liver cancer,"DALYs per 100,000",11.30842986,8.795894407,14.58392905
Cyprus,2000,15-49 years,Female,Liver cancer,"DALYs per 100,000",10.99909026,8.699520858,13.97460314
Cyprus,2001,15-49 years,Female,Liver cancer,"DALYs per 100,000",10.84712204,8.658671864,13.7775538
Cyprus,2002,15-49 years,Female,Liver cancer,"DALYs per 100,000",10.59697964,8.408884167,13.33776996
Cyprus,2003,15-49 years,Female,Liver cancer,"DALYs per 100,000",10.90535394,8.723427752,13.61617985
Cyprus,2004,15-49 years,Female,Liver cancer,"DALYs per 100,000",11.34986203,9.143349704,14.05404659
Cyprus,2005,15-49 years,Female,Liver cancer,"DALYs per 100,000",12.01698016,9.68816612,14.76902559
Cyprus,2006,15-49 years,Female,Liver cancer,"DALYs per 100,000",12.60407211,10.17838528,15.45560247
Cyprus,2007,15-49 years,Female,Liver cancer,"DALYs per 100,000",13.05264617,10.53156723,15.91321632
Cyprus,2008,15-49 years,Female,Liver cancer,"DALYs per 100,000",13.65801068,11.01807287,16.76566692
Cyprus,2009,15-49 years,Female,Liver cancer,"DALYs per 100,000",14.38587715,11.60975196,17.78879938
Cyprus,2010,15-49 years,Female,Liver cancer,"DALYs per 100,000",14.44436378,11.66312847,18.01099201
Cyprus,2011,15-49 years,Female,Liver cancer,"DALYs per 100,000",14.13441634,11.33646257,17.67963492
Cyprus,2012,15-49 years,Female,Liver cancer,"DALYs per 100,000",13.84153652,10.96442115,17.50822156
Cyprus,2013,15-49 years,Female,Liver cancer,"DALYs per 100,000",13.71859501,10.85585021,17.48382859
Cyprus,2014,15-49 years,Female,Liver cancer,"DALYs per 100,000",13.54174671,10.70949759,17.17115893
Cyprus,2015,15-49 years,Female,Liver cancer,"DALYs per 100,000",13.37942625,10.46524647,17.08120871
Cyprus,2016,15-49 years,Female,Liver cancer,"DALYs per 100,000",13.10125718,9.966769607,17.11666279
Cyprus,2017,15-49 years,Female,Liver cancer,"DALYs per 100,000",13.07896537,9.709176002,17.39528064
Cyprus,2018,15-49 years,Female,Liver cancer,"DALYs per 100,000",13.50294917,10.09856866,17.95432134
Cyprus,2019,15-49 years,Female,Liver cancer,"DALYs per 100,000",13.63941197,9.911792191,17.93230127
Cyprus,1990,50-69 years,Both,Liver cancer,"DALYs per 100,000",234.9347211,184.6406379,289.4850478
Cyprus,1991,50-69 years,Both,Liver cancer,"DALYs per 100,000",231.5101524,180.63005,286.3064735
Cyprus,1992,50-69 years,Both,Liver cancer,"DALYs per 100,000",226.7021944,179.2812332,279.8354456
Cyprus,1993,50-69 years,Both,Liver cancer,"DALYs per 100,000",220.4841342,177.6369248,268.7168648
Cyprus,1994,50-69 years,Both,Liver cancer,"DALYs per 100,000",213.3417089,173.698717,255.9096522
Cyprus,1995,50-69 years,Both,Liver cancer,"DALYs per 100,000",211.2324943,172.907611,252.5337257
Cyprus,1996,50-69 years,Both,Liver cancer,"DALYs per 100,000",208.4521562,171.0960549,248.8315606
Cyprus,1997,50-69 years,Both,Liver cancer,"DALYs per 100,000",205.6244246,170.8035622,245.805199
Cyprus,1998,50-69 years,Both,Liver cancer,"DALYs per 100,000",202.6636863,169.9913155,240.7867617
Cyprus,1999,50-69 years,Both,Liver cancer,"DALYs per 100,000",199.2670889,170.2891205,234.2938929
Cyprus,2000,50-69 years,Both,Liver cancer,"DALYs per 100,000",199.1104738,168.9168219,233.1294811
Cyprus,2001,50-69 years,Both,Liver cancer,"DALYs per 100,000",198.3703931,170.397818,232.5125839
Cyprus,2002,50-69 years,Both,Liver cancer,"DALYs per 100,000",198.3484174,169.4218487,232.8796879
Cyprus,2003,50-69 years,Both,Liver cancer,"DALYs per 100,000",196.8475186,169.0108687,228.3810808
Cyprus,2004,50-69 years,Both,Liver cancer,"DALYs per 100,000",196.1734661,169.2851581,226.3275726
Cyprus,2005,50-69 years,Both,Liver cancer,"DALYs per 100,000",204.696417,176.8950669,236.2853842
Cyprus,2006,50-69 years,Both,Liver cancer,"DALYs per 100,000",210.8461505,183.3195224,244.1603846
Cyprus,2007,50-69 years,Both,Liver cancer,"DALYs per 100,000",214.5957397,186.2098857,250.4092154
Cyprus,2008,50-69 years,Both,Liver cancer,"DALYs per 100,000",213.2620457,185.434346,246.338887
Cyprus,2009,50-69 years,Both,Liver cancer,"DALYs per 100,000",213.7315405,186.2065134,247.1043823
Cyprus,2010,50-69 years,Both,Liver cancer,"DALYs per 100,000",214.2894873,187.3960345,247.1431938
Cyprus,2011,50-69 years,Both,Liver cancer,"DALYs per 100,000",213.9756437,184.9113441,247.4811939
Cyprus,2012,50-69 years,Both,Liver cancer,"DALYs per 100,000",214.2792986,185.1826586,248.4230485
Cyprus,2013,50-69 years,Both,Liver cancer,"DALYs per 100,000",215.4692596,186.5020454,249.3818957
Cyprus,2014,50-69 years,Both,Liver cancer,"DALYs per 100,000",214.4147515,183.9207465,250.990888
Cyprus,2015,50-69 years,Both,Liver cancer,"DALYs per 100,000",214.2405758,182.9812539,252.6846619
Cyprus,2016,50-69 years,Both,Liver cancer,"DALYs per 100,000",215.1455358,181.3088168,257.021974
Cyprus,2017,50-69 years,Both,Liver cancer,"DALYs per 100,000",217.2177538,180.5103965,260.744346
Cyprus,2018,50-69 years,Both,Liver cancer,"DALYs per 100,000",215.8435739,177.2951242,261.5068965
Cyprus,2019,50-69 years,Both,Liver cancer,"DALYs per 100,000",213.8883993,172.004004,258.5374386
Cyprus,1990,50-69 years,Male,Liver cancer,"DALYs per 100,000",350.0031984,260.3670506,452.4924788
Cyprus,1991,50-69 years,Male,Liver cancer,"DALYs per 100,000",344.0161313,256.7542305,447.7084313
Cyprus,1992,50-69 years,Male,Liver cancer,"DALYs per 100,000",335.3626555,251.2757391,434.4329326
Cyprus,1993,50-69 years,Male,Liver cancer,"DALYs per 100,000",325.1598097,247.6545674,418.6803826
Cyprus,1994,50-69 years,Male,Liver cancer,"DALYs per 100,000",314.3628417,241.8646017,397.5749452
Cyprus,1995,50-69 years,Male,Liver cancer,"DALYs per 100,000",311.4901734,242.26976,393.5599151
Cyprus,1996,50-69 years,Male,Liver cancer,"DALYs per 100,000",307.6629238,237.6474491,388.723828
Cyprus,1997,50-69 years,Male,Liver cancer,"DALYs per 100,000",303.3795919,237.690855,378.0496938
Cyprus,1998,50-69 years,Male,Liver cancer,"DALYs per 100,000",300.060928,237.5551146,372.5762286
Cyprus,1999,50-69 years,Male,Liver cancer,"DALYs per 100,000",294.9087432,239.0562801,365.2107183
Cyprus,2000,50-69 years,Male,Liver cancer,"DALYs per 100,000",293.8031888,238.5458804,364.0258959
Cyprus,2001,50-69 years,Male,Liver cancer,"DALYs per 100,000",290.8778761,237.0652937,361.3920358
Cyprus,2002,50-69 years,Male,Liver cancer,"DALYs per 100,000",287.3765705,235.409934,352.257447
Cyprus,2003,50-69 years,Male,Liver cancer,"DALYs per 100,000",282.6028451,233.7250107,343.5051422
Cyprus,2004,50-69 years,Male,Liver cancer,"DALYs per 100,000",280.3916628,231.658714,339.6316211
Cyprus,2005,50-69 years,Male,Liver cancer,"DALYs per 100,000",293.5067435,244.3989091,350.8035728
Cyprus,2006,50-69 years,Male,Liver cancer,"DALYs per 100,000",300.6943931,251.3936294,361.6601049
Cyprus,2007,50-69 years,Male,Liver cancer,"DALYs per 100,000",305.6464891,253.2069972,374.5524522
Cyprus,2008,50-69 years,Male,Liver cancer,"DALYs per 100,000",300.8569557,249.4794667,361.1181657
Cyprus,2009,50-69 years,Male,Liver cancer,"DALYs per 100,000",304.4662091,254.8283414,364.0394966
Cyprus,2010,50-69 years,Male,Liver cancer,"DALYs per 100,000",303.6069659,254.3227722,363.3346867
Cyprus,2011,50-69 years,Male,Liver cancer,"DALYs per 100,000",299.1891587,249.5747302,358.170828
Cyprus,2012,50-69 years,Male,Liver cancer,"DALYs per 100,000",298.9135526,248.0430783,362.2275005
Cyprus,2013,50-69 years,Male,Liver cancer,"DALYs per 100,000",300.8608706,247.4291462,360.7333009
Cyprus,2014,50-69 years,Male,Liver cancer,"DALYs per 100,000",300.7536569,245.0064345,367.8328383
Cyprus,2015,50-69 years,Male,Liver cancer,"DALYs per 100,000",300.6521311,245.1220131,366.6416745
Cyprus,2016,50-69 years,Male,Liver cancer,"DALYs per 100,000",302.5517757,241.3305055,372.2478887
Cyprus,2017,50-69 years,Male,Liver cancer,"DALYs per 100,000",307.4080595,241.8339893,383.3544051
Cyprus,2018,50-69 years,Male,Liver cancer,"DALYs per 100,000",307.8088476,240.2097449,389.6627414
Cyprus,2019,50-69 years,Male,Liver cancer,"DALYs per 100,000",306.0567063,235.4850823,393.8503777
Cyprus,1990,50-69 years,Female,Liver cancer,"DALYs per 100,000",130.6573311,92.98542642,177.0211336
Cyprus,1991,50-69 years,Female,Liver cancer,"DALYs per 100,000",129.6427496,91.50720815,175.1006895
Cyprus,1992,50-69 years,Female,Liver cancer,"DALYs per 100,000",128.1974984,92.30698633,170.4673625
Cyprus,1993,50-69 years,Female,Liver cancer,"DALYs per 100,000",125.1258836,92.10933302,165.2598697
Cyprus,1994,50-69 years,Female,Liver cancer,"DALYs per 100,000",120.6178288,89.8784018,159.3791176
Cyprus,1995,50-69 years,Female,Liver cancer,"DALYs per 100,000",118.3716188,89.25247261,154.0427948
Cyprus,1996,50-69 years,Female,Liver cancer,"DALYs per 100,000",115.6676543,89.14189345,147.9665168
Cyprus,1997,50-69 years,Female,Liver cancer,"DALYs per 100,000",113.2712455,87.6521267,143.8214551
Cyprus,1998,50-69 years,Female,Liver cancer,"DALYs per 100,000",109.8736303,85.00786625,138.9038458
Cyprus,1999,50-69 years,Female,Liver cancer,"DALYs per 100,000",107.4712362,83.229802,133.7694797
Cyprus,2000,50-69 years,Female,Liver cancer,"DALYs per 100,000",107.5844738,85.04037619,133.6496617
Cyprus,2001,50-69 years,Female,Liver cancer,"DALYs per 100,000",108.4108782,87.10766776,133.4662394
Cyprus,2002,50-69 years,Female,Liver cancer,"DALYs per 100,000",111.316823,88.62293033,136.9790165
Cyprus,2003,50-69 years,Female,Liver cancer,"DALYs per 100,000",112.6765205,90.22982395,138.7774401
Cyprus,2004,50-69 years,Female,Liver cancer,"DALYs per 100,000",113.2233471,91.72772975,137.1419725
Cyprus,2005,50-69 years,Female,Liver cancer,"DALYs per 100,000",116.9461818,95.21175666,141.6133009
Cyprus,2006,50-69 years,Female,Liver cancer,"DALYs per 100,000",121.8380611,99.50595017,147.2635377
Cyprus,2007,50-69 years,Female,Liver cancer,"DALYs per 100,000",124.271706,101.7876157,152.2066392
Cyprus,2008,50-69 years,Female,Liver cancer,"DALYs per 100,000",126.3459156,103.4235661,154.4658398
Cyprus,2009,50-69 years,Female,Liver cancer,"DALYs per 100,000",123.7704352,100.686751,150.7191237
Cyprus,2010,50-69 years,Female,Liver cancer,"DALYs per 100,000",125.8532735,101.8615474,153.8870875
Cyprus,2011,50-69 years,Female,Liver cancer,"DALYs per 100,000",129.6932975,105.6300685,159.4532333
Cyprus,2012,50-69 years,Female,Liver cancer,"DALYs per 100,000",130.6300917,105.9881163,162.581214
Cyprus,2013,50-69 years,Female,Liver cancer,"DALYs per 100,000",131.2110891,105.7511446,162.5974779
Cyprus,2014,50-69 years,Female,Liver cancer,"DALYs per 100,000",129.4616507,104.3347211,160.3778162
Cyprus,2015,50-69 years,Female,Liver cancer,"DALYs per 100,000",129.5551626,103.450862,162.0549147
Cyprus,2016,50-69 years,Female,Liver cancer,"DALYs per 100,000",129.9368867,101.4971967,165.1426401
Cyprus,2017,50-69 years,Female,Liver cancer,"DALYs per 100,000",129.853144,100.2043903,164.3645096
Cyprus,2018,50-69 years,Female,Liver cancer,"DALYs per 100,000",127.3224543,96.02321583,161.7808502
Cyprus,2019,50-69 years,Female,Liver cancer,"DALYs per 100,000",125.8007134,93.56890242,160.4912536
Cyprus,1990,70+ years,Both,Liver cancer,"DALYs per 100,000",418.6967107,327.245554,521.8229848
Cyprus,1991,70+ years,Both,Liver cancer,"DALYs per 100,000",425.6640665,333.7075621,522.2288591
Cyprus,1992,70+ years,Both,Liver cancer,"DALYs per 100,000",432.2714103,346.3218193,523.8839215
Cyprus,1993,70+ years,Both,Liver cancer,"DALYs per 100,000",430.4809534,356.3548018,521.5929306
Cyprus,1994,70+ years,Both,Liver cancer,"DALYs per 100,000",420.5303214,352.3260155,506.0108336
Cyprus,1995,70+ years,Both,Liver cancer,"DALYs per 100,000",418.7553533,350.8978997,502.5081906
Cyprus,1996,70+ years,Both,Liver cancer,"DALYs per 100,000",415.4277417,348.0980865,496.0253607
Cyprus,1997,70+ years,Both,Liver cancer,"DALYs per 100,000",410.5695657,343.5512662,485.7954091
Cyprus,1998,70+ years,Both,Liver cancer,"DALYs per 100,000",405.3725278,344.0460277,474.4391985
Cyprus,1999,70+ years,Both,Liver cancer,"DALYs per 100,000",400.4498102,342.6710225,467.4178409
Cyprus,2000,70+ years,Both,Liver cancer,"DALYs per 100,000",397.403254,340.4802014,461.072212
Cyprus,2001,70+ years,Both,Liver cancer,"DALYs per 100,000",391.8840917,339.3153653,450.0173396
Cyprus,2002,70+ years,Both,Liver cancer,"DALYs per 100,000",393.7110986,342.6658616,446.9351673
Cyprus,2003,70+ years,Both,Liver cancer,"DALYs per 100,000",393.0926381,343.5537029,446.9311412
Cyprus,2004,70+ years,Both,Liver cancer,"DALYs per 100,000",399.9918129,348.3075738,455.7259123
Cyprus,2005,70+ years,Both,Liver cancer,"DALYs per 100,000",421.9919673,365.9768861,482.4412207
Cyprus,2006,70+ years,Both,Liver cancer,"DALYs per 100,000",438.777813,383.0421196,501.1667078
Cyprus,2007,70+ years,Both,Liver cancer,"DALYs per 100,000",456.7912959,397.0187223,521.0312282
Cyprus,2008,70+ years,Both,Liver cancer,"DALYs per 100,000",467.7737472,409.5325291,533.4634564
Cyprus,2009,70+ years,Both,Liver cancer,"DALYs per 100,000",479.0097238,421.7440957,545.5703825
Cyprus,2010,70+ years,Both,Liver cancer,"DALYs per 100,000",490.1878232,432.0127423,553.8445081
Cyprus,2011,70+ years,Both,Liver cancer,"DALYs per 100,000",493.2265291,434.1129953,557.3479119
Cyprus,2012,70+ years,Both,Liver cancer,"DALYs per 100,000",497.1117023,432.5777478,565.0952935
Cyprus,2013,70+ years,Both,Liver cancer,"DALYs per 100,000",499.0015815,432.1417222,567.4524781
Cyprus,2014,70+ years,Both,Liver cancer,"DALYs per 100,000",495.9098338,427.55227,566.1275713
Cyprus,2015,70+ years,Both,Liver cancer,"DALYs per 100,000",493.1701934,423.9975191,572.1140571
Cyprus,2016,70+ years,Both,Liver cancer,"DALYs per 100,000",481.4416882,410.291362,563.0051609
Cyprus,2017,70+ years,Both,Liver cancer,"DALYs per 100,000",465.0911839,393.8443608,545.5471412
Cyprus,2018,70+ years,Both,Liver cancer,"DALYs per 100,000",461.5829161,387.1252399,545.8779435
Cyprus,2019,70+ years,Both,Liver cancer,"DALYs per 100,000",460.01178,383.8442812,554.0568471
Cyprus,1990,70+ years,Male,Liver cancer,"DALYs per 100,000",571.6767484,402.7676145,770.0876542
Cyprus,1991,70+ years,Male,Liver cancer,"DALYs per 100,000",590.2241922,425.7278771,783.799441
Cyprus,1992,70+ years,Male,Liver cancer,"DALYs per 100,000",608.5829044,447.7648651,794.7414329
Cyprus,1993,70+ years,Male,Liver cancer,"DALYs per 100,000",611.1425147,461.9573511,781.3886808
Cyprus,1994,70+ years,Male,Liver cancer,"DALYs per 100,000",605.253244,470.4878941,767.630671
Cyprus,1995,70+ years,Male,Liver cancer,"DALYs per 100,000",614.6719656,484.0738268,777.5107542
Cyprus,1996,70+ years,Male,Liver cancer,"DALYs per 100,000",622.6701847,496.1449981,786.6329545
Cyprus,1997,70+ years,Male,Liver cancer,"DALYs per 100,000",626.0109527,506.4461802,784.2987795
Cyprus,1998,70+ years,Male,Liver cancer,"DALYs per 100,000",623.5313581,507.6651152,767.620041
Cyprus,1999,70+ years,Male,Liver cancer,"DALYs per 100,000",617.8872648,503.59865,754.8795435
Cyprus,2000,70+ years,Male,Liver cancer,"DALYs per 100,000",617.5748346,509.1192028,748.7993236
Cyprus,2001,70+ years,Male,Liver cancer,"DALYs per 100,000",603.5591999,501.1953867,724.9432049
Cyprus,2002,70+ years,Male,Liver cancer,"DALYs per 100,000",599.2008604,500.8349547,709.3494855
Cyprus,2003,70+ years,Male,Liver cancer,"DALYs per 100,000",586.7238467,491.4666597,693.8640833
Cyprus,2004,70+ years,Male,Liver cancer,"DALYs per 100,000",590.2059207,494.7686982,705.0894299
Cyprus,2005,70+ years,Male,Liver cancer,"DALYs per 100,000",619.8459853,520.6187637,734.9452439
Cyprus,2006,70+ years,Male,Liver cancer,"DALYs per 100,000",628.7875346,527.0128802,742.5701069
Cyprus,2007,70+ years,Male,Liver cancer,"DALYs per 100,000",650.2128178,543.7193836,773.2646544
Cyprus,2008,70+ years,Male,Liver cancer,"DALYs per 100,000",656.2196837,552.4773262,790.6420911
Cyprus,2009,70+ years,Male,Liver cancer,"DALYs per 100,000",679.3068887,576.6209026,819.2963452
Cyprus,2010,70+ years,Male,Liver cancer,"DALYs per 100,000",700.0489853,595.2193328,827.8125211
Cyprus,2011,70+ years,Male,Liver cancer,"DALYs per 100,000",700.5739347,589.9733292,813.6490746
Cyprus,2012,70+ years,Male,Liver cancer,"DALYs per 100,000",702.1896813,587.103114,823.6119674
Cyprus,2013,70+ years,Male,Liver cancer,"DALYs per 100,000",699.5137711,579.4495202,830.8964954
Cyprus,2014,70+ years,Male,Liver cancer,"DALYs per 100,000",688.862529,565.0719151,823.5449261
Cyprus,2015,70+ years,Male,Liver cancer,"DALYs per 100,000",681.4738179,558.9593271,820.8138192
Cyprus,2016,70+ years,Male,Liver cancer,"DALYs per 100,000",657.5121903,539.4935196,795.2872844
Cyprus,2017,70+ years,Male,Liver cancer,"DALYs per 100,000",623.7003982,507.2417889,761.3354362
Cyprus,2018,70+ years,Male,Liver cancer,"DALYs per 100,000",615.8671257,499.0038718,757.983639
Cyprus,2019,70+ years,Male,Liver cancer,"DALYs per 100,000",614.8182148,490.744273,762.2207072
Cyprus,1990,70+ years,Female,Liver cancer,"DALYs per 100,000",289.624572,201.1158586,404.1828363
Cyprus,1991,70+ years,Female,Liver cancer,"DALYs per 100,000",286.8142704,200.3596924,394.8363776
Cyprus,1992,70+ years,Female,Liver cancer,"DALYs per 100,000",284.8848435,200.8539106,389.4514722
Cyprus,1993,70+ years,Female,Liver cancer,"DALYs per 100,000",281.4283542,200.3729958,378.4434031
Cyprus,1994,70+ years,Female,Liver cancer,"DALYs per 100,000",270.1087998,196.8579598,360.1924832
Cyprus,1995,70+ years,Female,Liver cancer,"DALYs per 100,000",261.4267331,191.4402346,347.3663759
Cyprus,1996,70+ years,Female,Liver cancer,"DALYs per 100,000",251.6520471,189.9314647,328.3369517
Cyprus,1997,70+ years,Female,Liver cancer,"DALYs per 100,000",243.3770063,187.8186357,314.5685769
Cyprus,1998,70+ years,Female,Liver cancer,"DALYs per 100,000",238.9984296,185.7486865,304.1402539
Cyprus,1999,70+ years,Female,Liver cancer,"DALYs per 100,000",236.8401026,185.5571719,300.3819904
Cyprus,2000,70+ years,Female,Liver cancer,"DALYs per 100,000",233.5415726,184.9073284,294.0115051
Cyprus,2001,70+ years,Female,Liver cancer,"DALYs per 100,000",235.7185101,187.6566504,290.6645384
Cyprus,2002,70+ years,Female,Liver cancer,"DALYs per 100,000",242.8448379,194.8760762,297.4180633
Cyprus,2003,70+ years,Female,Liver cancer,"DALYs per 100,000",250.7526729,203.1418008,308.201568
Cyprus,2004,70+ years,Female,Liver cancer,"DALYs per 100,000",259.3008186,211.1992088,316.1340963
Cyprus,2005,70+ years,Female,Liver cancer,"DALYs per 100,000",274.5974891,225.1284157,336.4176143
Cyprus,2006,70+ years,Female,Liver cancer,"DALYs per 100,000",296.155127,244.7362101,360.5258887
Cyprus,2007,70+ years,Female,Liver cancer,"DALYs per 100,000",310.3697992,255.3414798,374.7756841
Cyprus,2008,70+ years,Female,Liver cancer,"DALYs per 100,000",323.8452348,266.032509,387.3541864
Cyprus,2009,70+ years,Female,Liver cancer,"DALYs per 100,000",324.7382138,264.247383,387.3595745
Cyprus,2010,70+ years,Female,Liver cancer,"DALYs per 100,000",327.4202812,265.8977613,391.7186489
Cyprus,2011,70+ years,Female,Liver cancer,"DALYs per 100,000",331.1528547,268.1543538,397.3140424
Cyprus,2012,70+ years,Female,Liver cancer,"DALYs per 100,000",335.3553536,271.8261262,405.6672705
Cyprus,2013,70+ years,Female,Liver cancer,"DALYs per 100,000",339.0261858,272.206615,414.0056413
Cyprus,2014,70+ years,Female,Liver cancer,"DALYs per 100,000",339.9558893,275.1517215,416.4044325
Cyprus,2015,70+ years,Female,Liver cancer,"DALYs per 100,000",338.9558417,273.0849488,415.4808867
Cyprus,2016,70+ years,Female,Liver cancer,"DALYs per 100,000",335.2861995,266.617616,417.1406587
Cyprus,2017,70+ years,Female,Liver cancer,"DALYs per 100,000",331.3510087,260.0953829,414.1727562
Cyprus,2018,70+ years,Female,Liver cancer,"DALYs per 100,000",329.763664,252.7119814,414.1383436
Cyprus,2019,70+ years,Female,Liver cancer,"DALYs per 100,000",326.440359,249.4647486,415.6210642
